{"content":[{"id":"685a5be6","settings":{"flex_direction":"column","content_width":"full","flex_gap":{"column":"0","row":"0","isLinked":true,"unit":"px","size":0},"padding":{"unit":"px","top":"0","right":"0","bottom":"0","left":"0","isLinked":true},"css_classes":"nopadding"},"elements":[{"id":"414e3e9b","settings":{"shortcode":"[dkmainvideoslider]"},"elements":[],"isInner":false,"widgetType":"shortcode","elType":"widget"}],"isInner":false,"elType":"container"},{"id":"2e0d1cab","settings":{"flex_direction":"column","content_width":"full","background_background":"classic","background_color":"#56A0D3","padding":{"unit":"px","top":"30","right":"0","bottom":"30","left":"0","isLinked":false}},"elements":[{"id":"700eda32","settings":{"content_width":"full"},"elements":[{"id":"141a1b9","settings":{"container_type":"grid","presetTitle":"Grid","presetIcon":"eicon-container-grid","content_width":"full","grid_columns_grid":{"unit":"fr","size":2,"sizes":[]},"grid_rows_grid":{"unit":"fr","size":1,"sizes":[]}},"elements":[{"id":"1b98b75c","settings":{"content_width":"full","background_background":"classic","background_image":{"url":"http:\/\/localhost\/wordpress\/wp-content\/uploads\/2025\/01\/visit-taproom.jpg","id":152,"size":"","alt":"","source":"library"},"background_position":"center center","background_repeat":"no-repeat","background_size":"cover"},"elements":[{"id":"341d93d","settings":{"selected_icon":{"value":"fas fa-location-arrow","library":"fa-solid"},"title_text":"VISIT OUR TAPROOM","description_text":"","link":{"url":"#","is_external":"","nofollow":"","custom_attributes":""},"primary_color":"#D76048","title_color":"#FFFFFF","title_typography_typography":"custom","title_typography_font_family":"Roboto","title_typography_font_size":{"unit":"px","size":24,"sizes":[]},"title_typography_font_weight":"600","_padding":{"unit":"px","top":"80","right":"10","bottom":"80","left":"10","isLinked":false}},"elements":[],"isInner":false,"widgetType":"icon-box","elType":"widget"}],"isInner":true,"elType":"container"},{"id":"192e6c7d","settings":{"content_width":"full","background_background":"classic","background_image":{"url":"http:\/\/localhost\/wordpress\/wp-content\/uploads\/2025\/01\/upcoming-events.jpg","id":156,"size":"","alt":"","source":"library"},"background_position":"center center","background_repeat":"no-repeat","background_size":"cover"},"elements":[{"id":"7cfe800e","settings":{"selected_icon":{"value":"far fa-calendar-alt","library":"fa-regular"},"title_text":"UPCOMING EVENTS","description_text":"","link":{"url":"#","is_external":"","nofollow":"","custom_attributes":""},"primary_color":"#D76048","title_color":"#FFFFFF","title_typography_typography":"custom","title_typography_font_family":"Roboto","title_typography_font_size":{"unit":"px","size":24,"sizes":[]},"title_typography_font_weight":"600","_padding":{"unit":"px","top":"80","right":"10","bottom":"80","left":"10","isLinked":false}},"elements":[],"isInner":false,"widgetType":"icon-box","elType":"widget"}],"isInner":true,"elType":"container"}],"isInner":true,"elType":"container"}],"isInner":true,"elType":"container"}],"isInner":false,"elType":"container"},{"id":"1c8dfec8","settings":{"flex_direction":"row","flex_gap":{"unit":"px","size":0,"column":"0","row":"0"},"padding":{"unit":"px","top":"30","right":"0","bottom":"0","left":"0","isLinked":false}},"elements":[{"id":"5741ca04","settings":{"flex_direction":"column","content_width":"full","width":{"unit":"%","size":"50"}},"elements":[{"id":"372264ce","settings":{"html":"<div style=\"padding:56.25% 0 0 0;position:relative;\"><iframe src=\"https:\/\/player.vimeo.com\/video\/741965809?badge=0&amp;autopause=0&amp;player_id=0&amp;app_id=58479\" frameborder=\"0\" allow=\"autoplay; fullscreen; picture-in-picture; clipboard-write; encrypted-media\" style=\"position:absolute;top:0;left:0;width:100%;height:100%;\" title=\"16 Craft Beers on Tap at Little Miami Brewing Company\"><\/iframe><\/div><script src=\"https:\/\/player.vimeo.com\/api\/player.js\"><\/script>"},"elements":[],"isInner":false,"widgetType":"html","elType":"widget"}],"isInner":true,"elType":"container"},{"id":"d1aa132","settings":{"flex_direction":"column","content_width":"full","width":{"unit":"%","size":"50"}},"elements":[{"id":"3c1ca4d5","settings":{"html":"<div style=\"padding:56.25% 0 0 0;position:relative;\"><iframe src=\"https:\/\/player.vimeo.com\/video\/639649946?badge=0&amp;autopause=0&amp;player_id=0&amp;app_id=58479\" frameborder=\"0\" allow=\"autoplay; fullscreen; picture-in-picture; clipboard-write; encrypted-media\" style=\"position:absolute;top:0;left:0;width:100%;height:100%;\" title=\"The Award-Winning Event Center at Little Miami Brewing Company\"><\/iframe><\/div><script src=\"https:\/\/player.vimeo.com\/api\/player.js\"><\/script>"},"elements":[],"isInner":false,"widgetType":"html","elType":"widget"}],"isInner":true,"elType":"container"}],"isInner":false,"elType":"container"},{"id":"55cfb0f5","settings":{"flex_direction":"row","flex_gap":{"unit":"px","size":0,"column":"0","row":"0"},"padding":{"unit":"px","top":"0","right":"0","bottom":"30","left":"0","isLinked":false}},"elements":[{"id":"5c9dd3d","settings":{"flex_direction":"column","content_width":"full","width":{"unit":"%","size":"25"}},"elements":[],"isInner":true,"elType":"container"},{"id":"3d12dafd","settings":{"flex_direction":"column","content_width":"full","width":{"unit":"%","size":"50"}},"elements":[{"id":"47e3c8ea","settings":{"video_type":"hosted","youtube_url":"https:\/\/www.youtube.com\/watch?v=XHOmBV4js_E","vimeo_url":"https:\/\/vimeo.com\/235215203","dailymotion_url":"https:\/\/www.dailymotion.com\/video\/x6tqhqb","hosted_url":{"url":"http:\/\/localhost\/wordpress\/wp-content\/uploads\/2025\/01\/cincinnatis_taproom__pizza_kitchen-720p.mp4","id":170,"size":"","alt":"","source":"library"},"videopress_url":"https:\/\/videopress.com\/v\/ZCAOzTNk"},"elements":[],"isInner":false,"widgetType":"video","elType":"widget"}],"isInner":true,"elType":"container"},{"id":"1a4bc029","settings":{"flex_direction":"column","content_width":"full","width":{"unit":"%","size":"25"}},"elements":[],"isInner":true,"elType":"container"}],"isInner":false,"elType":"container"},{"id":"40abd084","settings":{"flex_direction":"column","background_background":"classic","background_color":"#EEEEEE","padding":{"unit":"px","top":"30","right":"015","bottom":"30","left":"015","isLinked":false}},"elements":[{"id":"68200313","settings":{"title":"Cincinnati Brewery, Pizza, and Event Center","typography_typography":"custom","typography_font_family":"Roboto","typography_font_size":{"unit":"px","size":30,"sizes":[]},"typography_font_weight":"800","typography_text_transform":"uppercase","typography_line_height":{"unit":"px","size":36,"sizes":[]},"title_color":"#000000"},"elements":[],"isInner":false,"widgetType":"heading","elType":"widget"},{"id":"6075e890","settings":{"editor":"<table><tbody><tr><td>Little Miami Brewing Company is a\u00a0Cincinnati Brewery\u00a0nestled in the heart of historic Old Milford, Ohio, on the banks of the scenic Little Miami River.\u00a0You\u2019ll love this\u00a0Cincinnati brewery, where passion for craft beer meets good times and great food.<\/td><\/tr><\/tbody><\/table>","typography_typography":"custom","typography_font_family":"Roboto","typography_font_size":{"unit":"px","size":14,"sizes":[]},"typography_font_weight":"400","typography_line_height":{"unit":"px","size":22,"sizes":[]},"_padding":{"unit":"px","top":"0","right":"0","bottom":"15","left":"0","isLinked":false}},"elements":[],"isInner":false,"widgetType":"text-editor","elType":"widget"},{"id":"52b9d421","settings":{"title":"Craft Beer","typography_typography":"custom","typography_font_family":"Roboto","typography_font_size":{"unit":"px","size":30,"sizes":[]},"typography_font_weight":"800","typography_text_transform":"uppercase","typography_line_height":{"unit":"px","size":36,"sizes":[]},"title_color":"#000000"},"elements":[],"isInner":false,"widgetType":"heading","elType":"widget"},{"id":"57ff7634","settings":{"editor":"<p>Since 2017,\u00a0<a href=\"https:\/\/www.littlemiamibrewing.com\/our-story\/\">\u00a0we\u2019ve been dedicated to brewing award winning small-batch craft beer<\/a>, made with fresh, local ingredients whenever possible. Explore our ever-changing lineup of brews, from hoppy IPAs to crisp lagers, and everything in between. Find what\u2019s on tap at the finest\u00a0brewery Cincinnati Ohio\u00a0has to offer.\u00a0<a href=\"https:\/\/www.littlemiamibrewing.com\/beer-type\/\">Find What\u2019s On Tap&gt;&gt;<\/a><\/p>","typography_typography":"custom","typography_font_family":"Roboto","typography_font_size":{"unit":"px","size":14,"sizes":[]},"typography_font_weight":"400","typography_line_height":{"unit":"px","size":22,"sizes":[]},"_padding":{"unit":"px","top":"0","right":"0","bottom":"15","left":"0","isLinked":false}},"elements":[],"isInner":false,"widgetType":"text-editor","elType":"widget"},{"id":"68c7dddb","settings":{"title":"Delicious Food","typography_typography":"custom","typography_font_family":"Roboto","typography_font_size":{"unit":"px","size":30,"sizes":[]},"typography_font_weight":"800","typography_text_transform":"uppercase","typography_line_height":{"unit":"px","size":36,"sizes":[]},"title_color":"#000000"},"elements":[],"isInner":false,"widgetType":"heading","elType":"widget"},{"id":"1c750566","settings":{"editor":"<p>Our kitchen dishes up mouth-watering pizzas, salads, pretzels, chili, and nachos, perfect for pairing with your favorite beer. Check out our menu and discover why we are the go-to\u00a0brewery in Cincinnati.\u00a0<a href=\"https:\/\/www.littlemiamibrewing.com\/our-menu\/\">View Our Menu&gt;&gt;<\/a><\/p>","typography_typography":"custom","typography_font_family":"Roboto","typography_font_size":{"unit":"px","size":14,"sizes":[]},"typography_font_weight":"400","typography_line_height":{"unit":"px","size":22,"sizes":[]},"_padding":{"unit":"px","top":"0","right":"0","bottom":"15","left":"0","isLinked":false}},"elements":[],"isInner":false,"widgetType":"text-editor","elType":"widget"},{"id":"781d773","settings":{"title":"Vibrant Taproom","typography_typography":"custom","typography_font_family":"Roboto","typography_font_size":{"unit":"px","size":30,"sizes":[]},"typography_font_weight":"800","typography_text_transform":"uppercase","typography_line_height":{"unit":"px","size":36,"sizes":[]},"title_color":"#000000"},"elements":[],"isInner":false,"widgetType":"heading","elType":"widget"},{"id":"1365277a","settings":{"editor":"<p>Pull up a seat in our inviting taproom, where you can relax with friends, catch a Bengals or Reds game on TV, or enjoy live music on select nights. Little Miami Brewing Company is the perfect\u00a0Cincinnati brewery\u00a0for an unforgettable night out.<\/p>","typography_typography":"custom","typography_font_family":"Roboto","typography_font_size":{"unit":"px","size":14,"sizes":[]},"typography_font_weight":"400","typography_line_height":{"unit":"px","size":22,"sizes":[]},"_padding":{"unit":"px","top":"0","right":"0","bottom":"15","left":"0","isLinked":false}},"elements":[],"isInner":false,"widgetType":"text-editor","elType":"widget"},{"id":"f5c8747","settings":{"title":"Scenic Rooftop","typography_typography":"custom","typography_font_family":"Roboto","typography_font_size":{"unit":"px","size":30,"sizes":[]},"typography_font_weight":"800","typography_text_transform":"uppercase","typography_line_height":{"unit":"px","size":36,"sizes":[]},"title_color":"#000000"},"elements":[],"isInner":false,"widgetType":"heading","elType":"widget"},{"id":"3c0e695a","settings":{"editor":"<p>Take in the stunning views of the Little Miami River from our rooftop patio, complete with frozen margaritas to keep you cool in the Cincinnati heat. No other\u00a0brewery in Cincinnati\u00a0offers such breathtaking views.<\/p>","typography_typography":"custom","typography_font_family":"Roboto","typography_font_size":{"unit":"px","size":14,"sizes":[]},"typography_font_weight":"400","typography_line_height":{"unit":"px","size":22,"sizes":[]},"_padding":{"unit":"px","top":"0","right":"0","bottom":"15","left":"0","isLinked":false}},"elements":[],"isInner":false,"widgetType":"text-editor","elType":"widget"},{"id":"47597701","settings":{"title":"Event Center","typography_typography":"custom","typography_font_family":"Roboto","typography_font_size":{"unit":"px","size":30,"sizes":[]},"typography_font_weight":"800","typography_text_transform":"uppercase","typography_line_height":{"unit":"px","size":36,"sizes":[]},"title_color":"#000000"},"elements":[],"isInner":false,"widgetType":"heading","elType":"widget"},{"id":"429cbb7b","settings":{"editor":"<p>Planning a celebration? Our spacious\u00a0<a href=\"https:\/\/www.littlemiamibrewing.com\/event-center\/\">Event Center<\/a>\u00a0can accommodate weddings, concerts, rehearsals dinners, birthday parties, retirement parties, and more. Host your event at Little Miami Brewing Company, the best\u00a0brewery in Cincinnati!\u00a0Whether you\u2019re a craft beer enthusiast, a foodie, or simply looking for a great place to gather with friends, we invite you to experience the Little Miami Brewing Company difference. Cheers!\u00a0<a href=\"https:\/\/www.littlemiamibrewing.com\/contact-us\/\">Get Directions&gt;&gt;<\/a><\/p>","typography_typography":"custom","typography_font_family":"Roboto","typography_font_size":{"unit":"px","size":14,"sizes":[]},"typography_font_weight":"400","typography_line_height":{"unit":"px","size":22,"sizes":[]},"_padding":{"unit":"px","top":"0","right":"0","bottom":"15","left":"0","isLinked":false}},"elements":[],"isInner":false,"widgetType":"text-editor","elType":"widget"}],"isInner":false,"elType":"container"},{"id":"7a3b6731","settings":{"flex_direction":"column","padding":{"unit":"px","top":"30","right":"015","bottom":"30","left":"015","isLinked":false}},"elements":[{"id":"7fffb1a9","settings":{"title":"What our clients say about us","typography_typography":"custom","typography_font_family":"Roboto","typography_font_size":{"unit":"px","size":36,"sizes":[]},"typography_font_weight":"600","typography_text_transform":"uppercase","title_color":"#000000"},"elements":[],"isInner":false,"widgetType":"heading","elType":"widget"},{"id":"45f35bb3","settings":{"shortcode":"[grw id=214]"},"elements":[],"isInner":false,"widgetType":"shortcode","elType":"widget"}],"isInner":false,"elType":"container"},{"id":"259b6e0d","settings":{"flex_direction":"column","background_background":"classic","background_color":"#EEEEEE","padding":{"unit":"px","top":"30","right":"0","bottom":"30","left":"0","isLinked":false}},"elements":[{"id":"1ee0995d","settings":{"content_width":"full"},"elements":[{"id":"226cfb34","settings":{"title":"Our Location","typography_typography":"custom","typography_font_family":"Roboto","typography_font_size":{"unit":"px","size":36,"sizes":[]},"typography_font_weight":"600","typography_text_transform":"uppercase","title_color":"#000000"},"elements":[],"isInner":false,"widgetType":"heading","elType":"widget"}],"isInner":true,"elType":"container"},{"id":"20f7d6d7","settings":{"content_width":"full"},"elements":[{"id":"307484e0","settings":{"container_type":"grid","presetTitle":"Grid","presetIcon":"eicon-container-grid","content_width":"full","grid_columns_grid":{"unit":"fr","size":2,"sizes":[]},"grid_rows_grid":{"unit":"fr","size":1,"sizes":[]}},"elements":[{"id":"7a2b3053","settings":{"html":"<iframe src=\"https:\/\/www.google.com\/maps\/embed?pb=!1m14!1m8!1m3!1d395478.27437408466!2d-84.20481400000001!3d39.250271!3m2!1i1024!2i768!4f13.1!3m3!1m2!1s0x8841aacf4413f41b%3A0xa5102656f6809330!2s208%20Mill%20St%2C%20Milford%2C%20OH%2045150!5e0!3m2!1sen!2sus!4v1737861525629!5m2!1sen!2sus\" width=\"100%\" height=\"100%\" style=\"border:0;min-height: 350px;\" allowfullscreen=\"\" loading=\"lazy\" referrerpolicy=\"no-referrer-when-downgrade\"><\/iframe>"},"elements":[],"isInner":false,"widgetType":"html","elType":"widget"},{"id":"43ddb3d2","settings":{"editor":"<div class=\"elementor-element elementor-element-eb498bc elementor-widget elementor-widget-text-editor\" data-id=\"eb498bc\" data-element_type=\"widget\" data-widget_type=\"text-editor.default\"><div class=\"elementor-widget-container\"><p><strong>Taproom Hours. Kitchen<\/strong>\u00a0<strong>closes 1 hour earlier<br \/><\/strong><br \/>Monday 11am \u2013 10pm<br \/>Tuesday 11am \u2013 10pm<br \/>Wednesday 11am \u2013 10pm<br \/>Thursday 11am \u2013 10pm<br \/>Friday 11am \u2013 12am<br \/>Saturday 11am \u2013 12am<br \/>Sunday 11am \u2013 9pm<\/p><\/div><\/div><div class=\"elementor-element elementor-element-b33edab elementor-widget elementor-widget-text-editor\" data-id=\"b33edab\" data-element_type=\"widget\" data-widget_type=\"text-editor.default\"><div class=\"elementor-widget-container\"><p>208 Mill St, Milford,<br \/>OH 45150<\/p><\/div><\/div>","align":"center","typography_typography":"custom","typography_font_family":"Roboto","typography_font_weight":"400","typography_line_height":{"unit":"px","size":30,"sizes":[]}},"elements":[],"isInner":false,"widgetType":"text-editor","elType":"widget"}],"isInner":true,"elType":"container"}],"isInner":true,"elType":"container"}],"isInner":false,"elType":"container"}],"settings":{"template":"default"},"metadata":[]}