{"email1":"reserve@littlemiamibrewing.com","email2":"Joe@littlemiamibrewing.com","myphone":"513-713-1121","address":"208 Mill Street,<br> Milford, Ohio 45150","llocation":"https:\/\/www.google.com\/maps\/place\/208+Mill+St,+Milford,+OH+45150\/@39.1718957,-84.2994621,17z\/data=!3m1!4b1!4m5!3m4!1s0x8841aacf4413f41b:0xa5102656f6809330!8m2!3d39.1719354!4d-84.297341","facebook":"https:\/\/www.facebook.com\/Little-Miami-Brewing-Co-1132551860096496\/","tweeter":"https:\/\/twitter.com\/littlemiamibrew","instagram":"https:\/\/www.instagram.com\/littlemiamibrew\/"}